snapshot,db2,null,66,snapshot_db2_null.ascii.cast,3ef9f3c34-23.06.30.2-db2-null-snapshot-1,3ef9f3c34
snapshot,db2,null,65,snapshot_db2_null.ascii.cast,3ef9f44ce-23.06.30.2-db2-null-snapshot-1,3ef9f44ce
snapshot,db2,minio,95,snapshot_db2_minio.ascii.cast,3ef9f47b9-23.06.30.2-db2-minio-snapshot-1,3ef9f47b9
snapshot,db2,cockroach,139,snapshot_db2_cockroach.ascii.cast,3ef9f4bd2-23.06.30.2-db2-cockroach-snapshot-1,3ef9f4bd2
snapshot,db2,s2,84,snapshot_db2_s2.ascii.cast,3ef9f51a8-23.06.30.2-db2-s2-snapshot-1,3ef9f51a8
snapshot,db2,sqlserver,100,snapshot_db2_sqlserver.ascii.cast,3ef9f5553-23.06.30.2-db2-sqlserver-snapshot-1,3ef9f5553
snapshot,informix,null,57,snapshot_informix_null.ascii.cast,3ef9f59a0-23.06.30.2-informix-null-snapshot-1,3ef9f59a0
snapshot,informix,minio,71,snapshot_informix_minio.ascii.cast,3ef9f5c39-23.06.30.2-informix-minio-snapshot-1,3ef9f5c39
snapshot,informix,cockroach,98,snapshot_informix_cockroach.ascii.cast,3ef9f5f69-23.06.30.2-informix-cockroach-snapshot-1,3ef9f5f69
snapshot,informix,s2,65,snapshot_informix_s2.ascii.cast,3ef9f63a1-23.06.30.2-informix-s2-snapshot-1,3ef9f63a1
snapshot,informix,sqlserver,81,snapshot_informix_sqlserver.ascii.cast,3ef9f668d-23.06.30.2-informix-sqlserver-snapshot-1,3ef9f668d
snapshot,mysql,null,54,snapshot_mysql_null.ascii.cast,3ef9f6a19-23.06.30.2-mysql-null-snapshot-1,3ef9f6a19
snapshot,mysql,minio,71,snapshot_mysql_minio.ascii.cast,3ef9f6c9e-23.06.30.2-mysql-minio-snapshot-1,3ef9f6c9e
snapshot,mysql,cockroach,92,snapshot_mysql_cockroach.ascii.cast,3ef9f6fc4-23.06.30.2-mysql-cockroach-snapshot-1,3ef9f6fc4
snapshot,mysql,s2,65,snapshot_mysql_s2.ascii.cast,3ef9f73c1-23.06.30.2-mysql-s2-snapshot-1,3ef9f73c1
snapshot,mysql,sqlserver,88,snapshot_mysql_sqlserver.ascii.cast,3ef9f76ac-23.06.30.2-mysql-sqlserver-snapshot-1,3ef9f76ac
snapshot,oraee,null,58,snapshot_oraee_null.ascii.cast,3ef9f7a87-23.06.30.2-oraee-null-snapshot-1,3ef9f7a87
snapshot,oraee,minio,88,snapshot_oraee_minio.ascii.cast,3ef9f7d33-23.06.30.2-oraee-minio-snapshot-1,3ef9f7d33
snapshot,oraee,cockroach,172,snapshot_oraee_cockroach.ascii.cast,3ef9f810d-23.06.30.2-oraee-cockroach-snapshot-1,3ef9f810d
snapshot,oraee,s2,103,snapshot_oraee_s2.ascii.cast,3ef9f882c-23.06.30.2-oraee-s2-snapshot-1,3ef9f882c
snapshot,oraee,sqlserver,99,snapshot_oraee_sqlserver.ascii.cast,3ef9f8c97-23.06.30.2-oraee-sqlserver-snapshot-1,3ef9f8c97
snapshot,pg,null,60,snapshot_pg_null.ascii.cast,3ef9f90d8-23.06.30.2-pg-null-snapshot-1,3ef9f90d8
snapshot,pg,minio,91,snapshot_pg_minio.ascii.cast,3ef9f9399-23.06.30.2-pg-minio-snapshot-1,3ef9f9399
snapshot,pg,cockroach,665,snapshot_pg_cockroach.ascii.cast,3ef9f9787-23.06.30.2-pg-cockroach-snapshot-1,3ef9f9787
snapshot,pg,s2,78,snapshot_pg_s2.ascii.cast,3ef9fb1e4-23.06.30.2-pg-s2-snapshot-1,3ef9fb1e4
snapshot,pg,sqlserver,103,snapshot_pg_sqlserver.ascii.cast,3ef9fb55b-23.06.30.2-pg-sqlserver-snapshot-1,3ef9fb55b
snapshot,s2,null,52,snapshot_s2_null.ascii.cast,3ef9fb9cc-23.06.30.2-s2-null-snapshot-1,3ef9fb9cc
snapshot,s2,minio,64,snapshot_s2_minio.ascii.cast,3ef9fbc32-23.06.30.2-s2-minio-snapshot-1,3ef9fbc32
snapshot,s2,cockroach,3605,snapshot_s2_cockroach.ascii.cast,3ef9fbf1a-23.06.30.2-s2-cockroach-snapshot-1,3ef9fbf1a
snapshot,s2,s2,60,snapshot_s2_s2.ascii.cast,3efa04c50-23.06.30.2-s2-s2-snapshot-1,3efa04c50
snapshot,s2,sqlserver,71,snapshot_s2_sqlserver.ascii.cast,3efa04f10-23.06.30.2-s2-sqlserver-snapshot-1,3efa04f10
snapshot,sqlserver,null,67,snapshot_sqlserver_null.ascii.cast,3efa05240-23.06.30.2-sqlserver-null-snapshot-1,3efa05240
snapshot,sqlserver,minio,94,snapshot_sqlserver_minio.ascii.cast,3efa0553d-23.06.30.2-sqlserver-minio-snapshot-1,3efa0553d
snapshot,sqlserver,cockroach,3605,snapshot_sqlserver_cockroach.ascii.cast,3efa05954-23.06.30.2-sqlserver-cockroach-snapshot-1,3efa05954
snapshot,sqlserver,s2,83,snapshot_sqlserver_s2.ascii.cast,3efa0e68b-23.06.30.2-sqlserver-s2-snapshot-1,3efa0e68b
snapshot,sqlserver,sqlserver,196,snapshot_sqlserver_sqlserver.ascii.cast,3efa0ea2b-23.06.30.2-sqlserver-sqlserver-snapshot-1,3efa0ea2b
snapshot,sqledge,null,54,snapshot_sqledge_null.ascii.cast,3efa0f22d-23.06.30.2-sqledge-null-snapshot-1,3efa0f22d
snapshot,sqledge,minio,68,snapshot_sqledge_minio.ascii.cast,3efa0f4b3-23.06.30.2-sqledge-minio-snapshot-1,3efa0f4b3
snapshot,sqledge,cockroach,3605,snapshot_sqledge_cockroach.ascii.cast,3efa0f7c4-23.06.30.2-sqledge-cockroach-snapshot-1,3efa0f7c4
snapshot,sqledge,s2,60,snapshot_sqledge_s2.ascii.cast,3efa184f5-23.06.30.2-sqledge-s2-snapshot-1,3efa184f5
snapshot,sqledge,sqlserver,76,snapshot_sqledge_sqlserver.ascii.cast,3efa187b7-23.06.30.2-sqledge-sqlserver-snapshot-1,3efa187b7
snapshot,mariadb,cockroach,97,snapshot_mariadb_cockroach.ascii.cast,3efb6a7aa-23.06.30.2-mariadb-cockroach-snapshot-1,3efb6a7aa
snapshot,mariadb,db2,66,snapshot_mariadb_db2.ascii.cast,3efb6abf1-23.06.30.2-mariadb-db2-snapshot-1,3efb6abf1
snapshot,mariadb,informix,130,snapshot_mariadb_informix.ascii.cast,3efb6aef0-23.06.30.2-mariadb-informix-snapshot-1,3efb6aef0
snapshot,mariadb,kafka,81,snapshot_mariadb_kafka.ascii.cast,3efb6b58a-23.06.30.2-mariadb-kafka-snapshot-1,3efb6b58a
snapshot,mariadb,mariadb,66,snapshot_mariadb_mariadb.ascii.cast,3efb6b923-23.06.30.2-mariadb-mariadb-snapshot-1,3efb6b923
snapshot,mariadb,minio,71,snapshot_mariadb_minio.ascii.cast,3efb6bc35-23.06.30.2-mariadb-minio-snapshot-1,3efb6bc35
snapshot,mariadb,mysql,71,snapshot_mariadb_mysql.ascii.cast,3efb6bf6c-23.06.30.2-mariadb-mysql-snapshot-1,3efb6bf6c
snapshot,mariadb,null,54,snapshot_mariadb_null.ascii.cast,3efb6c2a8-23.06.30.2-mariadb-null-snapshot-1,3efb6c2a8
snapshot,mariadb,oraee,77,snapshot_mariadb_oraee.ascii.cast,3efb6c52e-23.06.30.2-mariadb-oraee-snapshot-1,3efb6c52e
snapshot,mariadb,pg,71,snapshot_mariadb_pg.ascii.cast,3efb6c8a2-23.06.30.2-mariadb-pg-snapshot-1,3efb6c8a2
snapshot,mariadb,redis,202,snapshot_mariadb_redis.ascii.cast,3efb6cbdc-23.06.30.2-mariadb-redis-snapshot-1,3efb6cbdc
snapshot,mariadb,s2,66,snapshot_mariadb_s2.ascii.cast,3efb6d435-23.06.30.2-mariadb-s2-snapshot-1,3efb6d435
snapshot,mariadb,sqledge,92,snapshot_mariadb_sqledge.ascii.cast,3efb6d72b-23.06.30.2-mariadb-sqledge-snapshot-1,3efb6d72b
snapshot,mariadb,sqlserver,85,snapshot_mariadb_sqlserver.ascii.cast,3efb6db3a-23.06.30.2-mariadb-sqlserver-snapshot-1,3efb6db3a
snapshot,mariadb,yugabytesql,128,snapshot_mariadb_yugabytesql.ascii.cast,3efb6ea7a-23.06.30.2-mariadb-yugabytesql-snapshot-1,3efb6ea7a
snapshot,mariadb,db2,63,snapshot_mariadb_db2.ascii.cast,3efb6fd06-23.06.30.2-mariadb-db2-snapshot-1,3efb6fd06
snapshot,mariadb,informix,417,snapshot_mariadb_informix.ascii.cast,3efb730c6-23.06.30.2-mariadb-informix-snapshot-1,3efb730c6
snapshot,s2,cockroach,104,snapshot_s2_cockroach.ascii.cast,3efb74667-23.06.30.2-s2-cockroach-snapshot-1,3efb74667
snapshot,s2,informix,58,snapshot_s2_informix.ascii.cast,3efb74ae7-23.06.30.2-s2-informix-snapshot-1,3efb74ae7
snapshot,s2,kafka,77,snapshot_s2_kafka.ascii.cast,3efb74e41-23.06.30.2-s2-kafka-snapshot-1,3efb74e41
snapshot,s2,mariadb,60,snapshot_s2_mariadb.ascii.cast,3efb751af-23.06.30.2-s2-mariadb-snapshot-1,3efb751af
snapshot,s2,minio,65,snapshot_s2_minio.ascii.cast,3efb75473-23.06.30.2-s2-minio-snapshot-1,3efb75473
snapshot,s2,mysql,63,snapshot_s2_mysql.ascii.cast,3efb75771-23.06.30.2-s2-mysql-snapshot-1,3efb75771
snapshot,s2,null,49,snapshot_s2_null.ascii.cast,3efb75a5b-23.06.30.2-s2-null-snapshot-1,3efb75a5b
snapshot,s2,oraee,74,snapshot_s2_oraee.ascii.cast,3efb75cb9-23.06.30.2-s2-oraee-snapshot-1,3efb75cb9
snapshot,s2,pg,63,snapshot_s2_pg.ascii.cast,3efb76013-23.06.30.2-s2-pg-snapshot-1,3efb76013
snapshot,s2,redis,192,snapshot_s2_redis.ascii.cast,3efb76301-23.06.30.2-s2-redis-snapshot-1,3efb76301
snapshot,s2,s2,61,snapshot_s2_s2.ascii.cast,3efb76b03-23.06.30.2-s2-s2-snapshot-1,3efb76b03
snapshot,s2,sqledge,84,snapshot_s2_sqledge.ascii.cast,3efb76dc6-23.06.30.2-s2-sqledge-snapshot-1,3efb76dc6
snapshot,s2,sqlserver,80,snapshot_s2_sqlserver.ascii.cast,3efb7717c-23.06.30.2-s2-sqlserver-snapshot-1,3efb7717c
snapshot,s2,yugabytesql,107,snapshot_s2_yugabytesql.ascii.cast,3efb77507-23.06.30.2-s2-yugabytesql-snapshot-1,3efb77507
snapshot,sqlserver,kafka,112,snapshot_sqlserver_kafka.ascii.cast,3efb77d53-23.06.30.2-sqlserver-kafka-snapshot-1,3efb77d53
snapshot,sqlserver,mysql,136,snapshot_sqlserver_mysql.ascii.cast,3efb78227-23.06.30.2-sqlserver-mysql-snapshot-1,3efb78227
snapshot,sqlserver,oraee,662,snapshot_sqlserver_oraee.ascii.cast,3efb787ea-23.06.30.2-sqlserver-oraee-snapshot-1,3efb787ea
snapshot,sqlserver,pg,95,snapshot_sqlserver_pg.ascii.cast,3efb7a234-23.06.30.2-sqlserver-pg-snapshot-1,3efb7a234
snapshot,sqlserver,redis,264,snapshot_sqlserver_redis.ascii.cast,3efb7a66b-23.06.30.2-sqlserver-redis-snapshot-1,3efb7a66b
snapshot,sqlserver,sqledge,230,snapshot_sqlserver_sqledge.ascii.cast,3efb7b12d-23.06.30.2-sqlserver-sqledge-snapshot-1,3efb7b12d
snapshot,sqlserver,kafka,114,snapshot_sqlserver_kafka.ascii.cast,3efb7f414-23.06.30.2-sqlserver-kafka-snapshot-1,3efb7f414
snapshot,sqlserver,mysql,130,snapshot_sqlserver_mysql.ascii.cast,3efb7f8f8-23.06.30.2-sqlserver-mysql-snapshot-1,3efb7f8f8
snapshot,sqlserver,oraee,661,snapshot_sqlserver_oraee.ascii.cast,3efb7fe7c-23.06.30.2-sqlserver-oraee-snapshot-1,3efb7fe7c
snapshot,sqlserver,pg,95,snapshot_sqlserver_pg.ascii.cast,3efb818bc-23.06.30.2-sqlserver-pg-snapshot-1,3efb818bc
snapshot,sqlserver,redis,256,snapshot_sqlserver_redis.ascii.cast,3efb81ce5-23.06.30.2-sqlserver-redis-snapshot-1,3efb81ce5
snapshot,sqlserver,sqledge,228,snapshot_sqlserver_sqledge.ascii.cast,3efb8275f-23.06.30.2-sqlserver-sqledge-snapshot-1,3efb8275f
snapshot,sqlserver,yugabytesql,197,snapshot_sqlserver_yugabytesql.ascii.cast,3efb830b1-23.06.30.2-sqlserver-yugabytesql-snapshot-1,3efb830b1
snapshot,sqledge,kafka,77,snapshot_sqledge_kafka.ascii.cast,3efb83982-23.06.30.2-sqledge-kafka-snapshot-1,3efb83982
snapshot,sqledge,mysql,66,snapshot_sqledge_mysql.ascii.cast,3efb83cf0-23.06.30.2-sqledge-mysql-snapshot-1,3efb83cf0
snapshot,sqledge,oraee,75,snapshot_sqledge_oraee.ascii.cast,3efb83ffc-23.06.30.2-sqledge-oraee-snapshot-1,3efb83ffc
snapshot,sqledge,pg,68,snapshot_sqledge_pg.ascii.cast,3efb84362-23.06.30.2-sqledge-pg-snapshot-1,3efb84362
snapshot,sqledge,redis,118,snapshot_sqledge_redis.ascii.cast,3efb84686-23.06.30.2-sqledge-redis-snapshot-1,3efb84686
snapshot,sqledge,sqledge,82,snapshot_sqledge_sqledge.ascii.cast,3efb84b96-23.06.30.2-sqledge-sqledge-snapshot-1,3efb84b96
snapshot,sqledge,yugabytesql,114,snapshot_sqledge_yugabytesql.ascii.cast,3efb84f36-23.06.30.2-sqledge-yugabytesql-snapshot-1,3efb84f36
snapshot,sqlserver,db2,65,snapshot_sqlserver_db2.ascii.cast,3efc11187-23.06.30.2-sqlserver-db2-snapshot-1,3efc11187
snapshot,sqlserver,informix,501,snapshot_sqlserver_informix.ascii.cast,3efc11488-23.06.30.2-sqlserver-informix-snapshot-1,3efc11488
snapshot,sqlserver,kafka,112,snapshot_sqlserver_kafka.ascii.cast,3efc128a0-23.06.30.2-sqlserver-kafka-snapshot-1,3efc128a0
snapshot,sqlserver,mariadb,90,snapshot_sqlserver_mariadb.ascii.cast,3efc12d71-23.06.30.2-sqlserver-mariadb-snapshot-1,3efc12d71
snapshot,sqledge,db2,66,snapshot_sqledge_db2.ascii.cast,3efc13172-23.06.30.2-sqledge-db2-snapshot-1,3efc13172
snapshot,sqledge,informix,465,snapshot_sqledge_informix.ascii.cast,3efc1347b-23.06.30.2-sqledge-informix-snapshot-1,3efc1347b
snapshot,sqledge,kafka,76,snapshot_sqledge_kafka.ascii.cast,3efc1479e-23.06.30.2-sqledge-kafka-snapshot-1,3efc1479e
snapshot,sqledge,mariadb,62,snapshot_sqledge_mariadb.ascii.cast,3efc14b02-23.06.30.2-sqledge-mariadb-snapshot-1,3efc14b02
snapshot,ase,db2,65,snapshot_ase_db2.ascii.cast,3efc15e2e-23.06.30.2-ase-db2-snapshot-1,3efc15e2e
snapshot,ase,informix,487,snapshot_ase_informix.ascii.cast,3efc16122-23.06.30.2-ase-informix-snapshot-1,3efc16122
snapshot,ase,kafka,83,snapshot_ase_kafka.ascii.cast,3efc17532-23.06.30.2-ase-kafka-snapshot-1,3efc17532
snapshot,ase,mariadb,66,snapshot_ase_mariadb.ascii.cast,3efc178dc-23.06.30.2-ase-mariadb-snapshot-1,3efc178dc
snapshot,sqlserver,oraee,3,snapshot_sqlserver_oraee.ascii.cast,3efc57b6c-23.06.30.2-sqlserver-oraee-snapshot-1,3efc57b6c
snapshot,sqlserver,oraee,493,snapshot_sqlserver_oraee.ascii.cast,3efc57c80-23.06.30.2-sqlserver-oraee-snapshot-1,3efc57c80
snapshot,sqlserver,oraee,79,snapshot_sqlserver_oraee.ascii.cast,3efc5b3f5-23.06.30.2-sqlserver-oraee-snapshot-1,3efc5b3f5
